epoch,time,train/box_loss,train/cls_loss,train/dfl_loss,metrics/precision(B),metrics/recall(B),metrics/mAP50(B),metrics/mAP50-95(B),val/box_loss,val/cls_loss,val/dfl_loss,lr/pg0,lr/pg1,lr/pg2
1,6.40196,1.00551,1.92958,0.93035,0.31293,0.93878,0.89839,0.75246,0.79068,2.26713,1.02634,0.000654762,0.000654762,0.000654762
2,11.274,0.94317,1.3285,0.94861,0.95356,1,0.97841,0.74693,1.01782,0.97192,1.07784,0.00131881,0.00131881,0.00131881
3,15.9817,0.91853,1.14272,0.933,0.97991,0.99537,0.9946,0.75264,1.07648,1.01887,1.06984,0.00198022,0.00198022,0.00198022
4,20.5195,0.88074,0.94426,0.91248,0.99356,1,0.995,0.77831,0.99221,0.70727,1.0601,0.00198812,0.00198812,0.00198812
5,24.8414,0.89973,0.84222,0.94092,0.99502,1,0.995,0.81165,0.83279,0.60433,0.97738,0.00198416,0.00198416,0.00198416
6,29.5474,0.87988,0.73772,0.92671,0.99645,1,0.995,0.78676,1.05069,0.50365,1.03671,0.0019802,0.0019802,0.0019802
7,33.8508,0.83024,0.61786,0.9129,0.99554,1,0.995,0.78776,0.9079,0.56171,1.00536,0.00197624,0.00197624,0.00197624
8,38.7969,0.83997,0.56833,0.93431,0.99889,1,0.995,0.80248,0.91903,0.42482,1.01385,0.00197228,0.00197228,0.00197228
9,43.2226,0.79813,0.53801,0.91845,0.99812,1,0.995,0.82018,0.84165,0.39585,0.96405,0.00196832,0.00196832,0.00196832
10,47.8963,0.79766,0.48329,0.90975,0.99664,1,0.995,0.70803,1.15839,0.45308,1.08378,0.00196436,0.00196436,0.00196436
11,52.6452,0.84166,0.48092,0.91837,0.99773,1,0.995,0.80718,0.90912,0.34709,0.99474,0.0019604,0.0019604,0.0019604
12,57.1673,0.81815,0.45595,0.91543,0.99815,1,0.995,0.84122,0.78739,0.34695,0.96087,0.00195644,0.00195644,0.00195644
13,61.847,0.78546,0.4238,0.90287,0.99758,1,0.995,0.80592,0.86739,0.35806,1.01143,0.00195248,0.00195248,0.00195248
14,66.1949,0.7986,0.42564,0.90093,0.99768,1,0.995,0.83311,0.81102,0.31645,0.96256,0.00194852,0.00194852,0.00194852
15,71.0098,0.78577,0.40891,0.9044,0.9986,1,0.995,0.79776,0.98823,0.33203,1.01999,0.00194456,0.00194456,0.00194456
16,75.6598,0.78728,0.41277,0.92159,0.99773,1,0.995,0.81902,0.84385,0.33845,0.96208,0.0019406,0.0019406,0.0019406
17,80.1464,0.76394,0.38592,0.89069,0.99867,1,0.995,0.82745,0.81895,0.3142,0.96021,0.00193664,0.00193664,0.00193664
18,84.8383,0.79239,0.39407,0.91872,0.99835,1,0.995,0.78762,0.96826,0.33174,1.00076,0.00193268,0.00193268,0.00193268
19,89.1032,0.77971,0.36559,0.89507,0.99852,1,0.995,0.76443,1.10548,0.31317,1.06235,0.00192872,0.00192872,0.00192872
20,93.6671,0.76502,0.36519,0.89963,0.99812,1,0.995,0.82269,0.80082,0.27647,0.96115,0.00192476,0.00192476,0.00192476
21,98.1551,0.74724,0.35828,0.9076,0.99871,1,0.995,0.80442,0.83934,0.31194,0.98533,0.0019208,0.0019208,0.0019208
22,102.572,0.76425,0.3534,0.88513,0.99826,1,0.995,0.81555,0.92942,0.31148,0.99217,0.00191684,0.00191684,0.00191684
23,107.273,0.78139,0.36923,0.89636,0.99806,1,0.995,0.78638,1.04534,0.32749,1.04701,0.00191288,0.00191288,0.00191288
24,111.696,0.7435,0.34406,0.8868,0.99823,1,0.995,0.82576,0.78353,0.31876,0.95321,0.00190892,0.00190892,0.00190892
25,117.038,0.74303,0.33763,0.90481,0.99623,1,0.995,0.84126,0.8262,0.29836,0.965,0.00190496,0.00190496,0.00190496
26,121.927,0.71901,0.331,0.89541,0.99874,1,0.995,0.84287,0.84635,0.26731,0.96049,0.001901,0.001901,0.001901
27,127.197,0.73083,0.32778,0.8927,0.99727,1,0.995,0.84114,0.78821,0.30025,0.95402,0.00189704,0.00189704,0.00189704
28,132.441,0.76771,0.35593,0.89013,0.9983,1,0.995,0.79515,0.93898,0.31717,0.99656,0.00189308,0.00189308,0.00189308
29,137.121,0.70736,0.33353,0.88677,0.99881,1,0.995,0.85098,0.7906,0.29145,0.95036,0.00188912,0.00188912,0.00188912
30,142.393,0.76479,0.34716,0.91424,0.9986,1,0.995,0.8554,0.75814,0.35463,0.94381,0.00188516,0.00188516,0.00188516
31,147.345,0.72033,0.32133,0.90107,0.99794,1,0.995,0.83359,0.80998,0.2804,0.9602,0.0018812,0.0018812,0.0018812
32,152.364,0.71067,0.32276,0.89864,0.99814,1,0.995,0.86084,0.61783,0.24085,0.91649,0.00187724,0.00187724,0.00187724
33,157.386,0.72605,0.33323,0.88784,0.99868,1,0.995,0.84053,0.75057,0.26526,0.94171,0.00187328,0.00187328,0.00187328
34,163.825,0.73129,0.31323,0.88026,0.97973,1,0.995,0.8585,0.68019,0.27346,0.94986,0.00186932,0.00186932,0.00186932
35,169.788,0.74088,0.33449,0.89444,0.9986,1,0.995,0.84239,0.8859,0.30269,1.00737,0.00186536,0.00186536,0.00186536
36,174.713,0.6986,0.31203,0.88721,0.99866,1,0.995,0.80587,0.95747,0.28472,1.04709,0.0018614,0.0018614,0.0018614
37,179.603,0.74105,0.33235,0.88153,0.99842,1,0.995,0.80591,0.91028,0.27912,1.00101,0.00185744,0.00185744,0.00185744
38,184.693,0.7067,0.31409,0.88152,0.99793,1,0.995,0.81159,0.89686,0.28086,0.98025,0.00185348,0.00185348,0.00185348
39,189.635,0.70754,0.31302,0.88037,0.9986,1,0.995,0.82322,0.74347,0.25745,0.94247,0.00184952,0.00184952,0.00184952
40,194.713,0.73181,0.30842,0.90415,0.99855,1,0.995,0.8829,0.5722,0.21443,0.90294,0.00184556,0.00184556,0.00184556
41,199.623,0.714,0.30678,0.89288,0.99876,1,0.995,0.8691,0.716,0.25698,0.94313,0.0018416,0.0018416,0.0018416
42,204.54,0.68801,0.30434,0.87543,0.99834,1,0.995,0.86903,0.68135,0.22858,0.91771,0.00183764,0.00183764,0.00183764
43,209.523,0.68724,0.28997,0.87666,0.99869,1,0.995,0.8506,0.78336,0.27765,0.95375,0.00183368,0.00183368,0.00183368
44,214.666,0.64104,0.284,0.86632,0.9969,1,0.995,0.79718,0.91952,0.2936,1.00661,0.00182972,0.00182972,0.00182972
45,219.752,0.69397,0.30739,0.87662,0.99746,1,0.995,0.88134,0.6481,0.26644,0.91178,0.00182576,0.00182576,0.00182576
46,225.021,0.67842,0.29252,0.88282,0.99741,1,0.995,0.86954,0.62587,0.2336,0.91065,0.0018218,0.0018218,0.0018218
47,230.184,0.66244,0.29134,0.87157,0.99852,1,0.995,0.88253,0.63594,0.22296,0.92073,0.00181784,0.00181784,0.00181784
48,235.109,0.6548,0.28908,0.86952,0.99045,1,0.995,0.86047,0.74633,0.24751,0.95142,0.00181388,0.00181388,0.00181388
49,240.438,0.67982,0.294,0.87881,0.99861,1,0.995,0.85697,0.74586,0.25642,0.93459,0.00180992,0.00180992,0.00180992
50,246.634,0.6494,0.29238,0.86473,0.99877,1,0.995,0.85299,0.72177,0.23065,0.92259,0.00180596,0.00180596,0.00180596
51,251.625,0.66976,0.28983,0.87322,0.99853,1,0.995,0.88339,0.67404,0.23508,0.93333,0.001802,0.001802,0.001802
52,256.734,0.63253,0.28247,0.86634,0.99879,1,0.995,0.85664,0.71615,0.22486,0.9322,0.00179804,0.00179804,0.00179804
53,261.643,0.66379,0.28959,0.88215,0.99836,1,0.995,0.85357,0.64478,0.21925,0.91255,0.00179408,0.00179408,0.00179408
54,266.834,0.61749,0.2747,0.86702,0.99867,1,0.995,0.87257,0.66444,0.24224,0.91864,0.00179012,0.00179012,0.00179012
55,272.036,0.63135,0.27544,0.85323,0.99807,1,0.995,0.8609,0.63441,0.23944,0.90604,0.00178616,0.00178616,0.00178616
56,278.312,0.62742,0.28423,0.85345,0.99862,1,0.995,0.90188,0.54752,0.22766,0.88137,0.0017822,0.0017822,0.0017822
57,283.891,0.63118,0.28148,0.87623,0.9979,1,0.995,0.89172,0.56105,0.20843,0.89101,0.00177824,0.00177824,0.00177824
58,290.472,0.63101,0.28157,0.86559,0.9984,1,0.995,0.86312,0.683,0.2429,0.91737,0.00177428,0.00177428,0.00177428
59,296.008,0.61288,0.27396,0.86836,0.9984,1,0.995,0.85198,0.73814,0.23407,0.93365,0.00177032,0.00177032,0.00177032
60,301.102,0.61462,0.27604,0.85604,0.99775,1,0.995,0.84251,0.74419,0.24303,0.92461,0.00176636,0.00176636,0.00176636
61,306.217,0.60668,0.26689,0.85718,0.99853,1,0.995,0.85537,0.65824,0.22798,0.9268,0.0017624,0.0017624,0.0017624
62,311.168,0.64708,0.28367,0.86302,0.9988,1,0.995,0.8452,0.71019,0.23248,0.9276,0.00175844,0.00175844,0.00175844
63,316.08,0.59514,0.26382,0.85201,0.99879,1,0.995,0.80685,0.8755,0.24065,1.00305,0.00175448,0.00175448,0.00175448
64,320.948,0.58601,0.26144,0.84526,0.99887,1,0.995,0.848,0.78091,0.24759,0.94624,0.00175052,0.00175052,0.00175052
65,325.845,0.59295,0.26839,0.85248,0.99469,1,0.995,0.87417,0.61629,0.22057,0.9023,0.00174656,0.00174656,0.00174656
66,330.799,0.59467,0.25727,0.85274,0.99867,1,0.995,0.87641,0.58129,0.20191,0.89657,0.0017426,0.0017426,0.0017426
67,335.822,0.60366,0.26241,0.85812,0.99862,1,0.995,0.88011,0.61296,0.20629,0.9007,0.00173864,0.00173864,0.00173864
68,340.901,0.6005,0.25948,0.85432,0.99871,1,0.995,0.8866,0.57247,0.22114,0.89595,0.00173468,0.00173468,0.00173468
69,345.96,0.58995,0.26149,0.86451,0.99867,1,0.995,0.87425,0.58964,0.20589,0.89914,0.00173072,0.00173072,0.00173072
70,351.108,0.59829,0.25401,0.85326,0.99877,1,0.995,0.88922,0.5435,0.20323,0.89257,0.00172676,0.00172676,0.00172676
71,356.076,0.56495,0.24772,0.84639,0.99878,1,0.995,0.91145,0.51782,0.19145,0.88285,0.0017228,0.0017228,0.0017228
72,361.082,0.59944,0.26444,0.85492,0.99779,1,0.995,0.88396,0.61322,0.21813,0.90599,0.00171884,0.00171884,0.00171884
73,365.862,0.61162,0.27,0.86815,0.99889,1,0.995,0.87975,0.5869,0.21023,0.89594,0.00171488,0.00171488,0.00171488
74,370.749,0.59548,0.25303,0.86297,0.99771,1,0.995,0.88527,0.58307,0.2016,0.89388,0.00171092,0.00171092,0.00171092
75,375.644,0.59497,0.25528,0.86119,0.99717,1,0.995,0.86449,0.69767,0.20471,0.92751,0.00170696,0.00170696,0.00170696
76,380.432,0.56865,0.24681,0.83914,0.99879,1,0.995,0.89683,0.55028,0.18819,0.89216,0.001703,0.001703,0.001703
77,385.38,0.58333,0.24938,0.85314,0.99881,1,0.995,0.91238,0.52591,0.19118,0.88686,0.00169904,0.00169904,0.00169904
78,390.366,0.60152,0.25922,0.86144,0.99744,1,0.995,0.8833,0.54163,0.21203,0.88602,0.00169508,0.00169508,0.00169508
79,395.434,0.60444,0.26298,0.85375,0.99874,1,0.995,0.87973,0.55192,0.19884,0.88937,0.00169112,0.00169112,0.00169112
80,400.464,0.59286,0.25863,0.85534,0.9988,1,0.995,0.90493,0.54362,0.19495,0.88832,0.00168716,0.00168716,0.00168716
81,405.335,0.58159,0.25081,0.84908,0.99892,1,0.995,0.91295,0.54322,0.22499,0.88306,0.0016832,0.0016832,0.0016832
82,410.221,0.59691,0.25103,0.84875,0.99855,1,0.995,0.88348,0.58357,0.2543,0.90866,0.00167924,0.00167924,0.00167924
83,415.31,0.58617,0.24738,0.8515,0.99888,1,0.995,0.90266,0.58061,0.24027,0.88948,0.00167528,0.00167528,0.00167528
84,420.209,0.60582,0.26975,0.85642,0.99882,1,0.995,0.89431,0.54519,0.21513,0.88381,0.00167132,0.00167132,0.00167132
85,425.205,0.58703,0.24912,0.87117,0.99791,1,0.995,0.9242,0.49916,0.19698,0.87425,0.00166736,0.00166736,0.00166736
86,430.083,0.56587,0.24256,0.84858,0.99874,1,0.995,0.92321,0.58247,0.21029,0.89762,0.0016634,0.0016634,0.0016634
87,435.027,0.57554,0.24617,0.839,0.99767,1,0.995,0.88326,0.61048,0.20587,0.90005,0.00165944,0.00165944,0.00165944
88,439.848,0.58289,0.24082,0.85635,0.99855,1,0.995,0.90182,0.53688,0.19624,0.8849,0.00165548,0.00165548,0.00165548
89,444.618,0.57799,0.24268,0.84391,0.99874,1,0.995,0.89786,0.56135,0.20914,0.89059,0.00165152,0.00165152,0.00165152
90,449.387,0.60969,0.2538,0.86511,0.99883,1,0.995,0.88084,0.6214,0.21466,0.92648,0.00164756,0.00164756,0.00164756
91,454.391,0.56195,0.24025,0.85703,0.99856,1,0.995,0.88729,0.56146,0.224,0.89331,0.0016436,0.0016436,0.0016436
92,459.324,0.57682,0.24132,0.84774,0.9984,1,0.995,0.90079,0.55403,0.2057,0.89487,0.00163964,0.00163964,0.00163964
93,464.159,0.54647,0.23714,0.83969,0.99858,1,0.995,0.9018,0.50481,0.18263,0.87845,0.00163568,0.00163568,0.00163568
94,469.025,0.57181,0.23539,0.83429,0.99879,1,0.995,0.93154,0.4842,0.18782,0.87044,0.00163172,0.00163172,0.00163172
95,474.048,0.56149,0.24447,0.83818,0.99881,1,0.995,0.89484,0.58541,0.19227,0.89483,0.00162776,0.00162776,0.00162776
96,479.059,0.56246,0.2503,0.84932,0.99789,1,0.995,0.8787,0.58484,0.228,0.90636,0.0016238,0.0016238,0.0016238
97,484.009,0.57168,0.24889,0.85027,0.99807,1,0.995,0.89325,0.56866,0.20169,0.89183,0.00161984,0.00161984,0.00161984
98,489.078,0.5626,0.25008,0.85076,0.99874,1,0.995,0.88772,0.5839,0.199,0.90176,0.00161588,0.00161588,0.00161588
99,494.022,0.58218,0.25658,0.85376,0.99815,1,0.995,0.88699,0.54881,0.23198,0.89365,0.00161192,0.00161192,0.00161192
100,499.083,0.58325,0.25268,0.85851,0.99842,1,0.995,0.87743,0.66179,0.21577,0.92534,0.00160796,0.00160796,0.00160796
101,504.119,0.57827,0.24216,0.83965,0.99854,1,0.995,0.90432,0.53939,0.19557,0.89149,0.001604,0.001604,0.001604
102,509.056,0.55472,0.2348,0.84875,0.9987,1,0.995,0.9259,0.50081,0.19375,0.88746,0.00160004,0.00160004,0.00160004
103,514.108,0.5456,0.235,0.84588,0.99876,1,0.995,0.88469,0.6133,0.19384,0.90855,0.00159608,0.00159608,0.00159608
104,519.198,0.55968,0.24049,0.84456,0.9984,1,0.995,0.89345,0.54498,0.18025,0.88159,0.00159212,0.00159212,0.00159212
105,524.213,0.56165,0.23922,0.84882,0.9985,1,0.995,0.92662,0.45667,0.18712,0.86805,0.00158816,0.00158816,0.00158816
106,529.052,0.55559,0.23706,0.83849,0.99808,1,0.995,0.92175,0.48512,0.198,0.8735,0.0015842,0.0015842,0.0015842
107,534.066,0.56309,0.23343,0.83532,0.9988,1,0.995,0.93052,0.4958,0.18665,0.87929,0.00158024,0.00158024,0.00158024
108,539.041,0.54636,0.22604,0.85039,0.9978,1,0.995,0.93146,0.49182,0.19147,0.87708,0.00157628,0.00157628,0.00157628
109,544.027,0.55541,0.23347,0.85307,0.99866,1,0.995,0.9165,0.50682,0.17739,0.88148,0.00157232,0.00157232,0.00157232
110,548.83,0.54384,0.22986,0.83655,0.99877,1,0.995,0.92004,0.45136,0.18555,0.86833,0.00156836,0.00156836,0.00156836
111,553.664,0.54629,0.23126,0.83742,0.99818,1,0.995,0.90841,0.52311,0.19749,0.87973,0.0015644,0.0015644,0.0015644
112,558.569,0.56535,0.23461,0.84691,0.99839,1,0.995,0.91499,0.47295,0.19103,0.87019,0.00156044,0.00156044,0.00156044
113,563.612,0.52644,0.22709,0.84213,0.99874,1,0.995,0.93929,0.47938,0.18601,0.86821,0.00155648,0.00155648,0.00155648
114,568.529,0.53258,0.23663,0.84018,0.99863,1,0.995,0.9322,0.47433,0.18697,0.86874,0.00155252,0.00155252,0.00155252
115,573.42,0.55401,0.23043,0.83878,0.99878,1,0.995,0.9216,0.46019,0.16704,0.87063,0.00154856,0.00154856,0.00154856
116,578.524,0.54409,0.23252,0.83996,0.99829,1,0.995,0.92654,0.49704,0.18065,0.87895,0.0015446,0.0015446,0.0015446
117,583.437,0.56602,0.23458,0.84966,0.99844,1,0.995,0.93,0.51105,0.18947,0.88135,0.00154064,0.00154064,0.00154064
118,588.307,0.56169,0.23956,0.84473,0.99806,1,0.995,0.88281,0.60376,0.21782,0.90505,0.00153668,0.00153668,0.00153668
119,593.313,0.55496,0.22896,0.84319,0.99797,1,0.995,0.90731,0.52138,0.20784,0.88253,0.00153272,0.00153272,0.00153272
120,598.23,0.55709,0.23381,0.84163,0.99826,1,0.995,0.9038,0.58334,0.20612,0.88948,0.00152876,0.00152876,0.00152876
121,603.305,0.59775,0.23965,0.84713,0.9988,1,0.995,0.90402,0.5172,0.1808,0.8754,0.0015248,0.0015248,0.0015248
122,608.083,0.5382,0.22859,0.83449,0.99866,1,0.995,0.91546,0.53338,0.1703,0.87919,0.00152084,0.00152084,0.00152084
123,613.071,0.5756,0.22202,0.86719,0.99809,1,0.995,0.91019,0.5087,0.17692,0.87245,0.00151688,0.00151688,0.00151688
124,617.985,0.55129,0.22244,0.84469,0.99883,1,0.995,0.92464,0.45219,0.17502,0.8621,0.00151292,0.00151292,0.00151292
125,623.05,0.54659,0.23475,0.83489,0.99796,1,0.995,0.92227,0.48641,0.18277,0.87364,0.00150896,0.00150896,0.00150896
126,627.861,0.53412,0.21625,0.84622,0.99879,1,0.995,0.91887,0.48117,0.19069,0.86786,0.001505,0.001505,0.001505
127,632.781,0.54239,0.22624,0.83158,0.99873,1,0.995,0.92408,0.53691,0.17618,0.88285,0.00150104,0.00150104,0.00150104
128,637.692,0.52474,0.22169,0.82777,0.99882,1,0.995,0.9133,0.49876,0.17049,0.87316,0.00149708,0.00149708,0.00149708
129,642.614,0.54866,0.22274,0.84864,0.99849,1,0.995,0.91622,0.52454,0.17959,0.87882,0.00149312,0.00149312,0.00149312
130,647.436,0.55048,0.22108,0.8278,0.99837,1,0.995,0.90607,0.50868,0.18019,0.87684,0.00148916,0.00148916,0.00148916
131,652.465,0.54583,0.22942,0.8552,0.99884,1,0.995,0.91035,0.53949,0.17366,0.89333,0.0014852,0.0014852,0.0014852
132,657.338,0.54386,0.22233,0.84707,0.99887,1,0.995,0.91666,0.50667,0.17427,0.88229,0.00148124,0.00148124,0.00148124
133,662.154,0.56124,0.2311,0.86204,0.99884,1,0.995,0.89666,0.54107,0.17888,0.88247,0.00147728,0.00147728,0.00147728
134,666.967,0.55309,0.227,0.84614,0.99874,1,0.995,0.90811,0.51233,0.18254,0.87952,0.00147332,0.00147332,0.00147332
135,671.951,0.54439,0.22274,0.83567,0.99875,1,0.995,0.91398,0.53509,0.18487,0.88141,0.00146936,0.00146936,0.00146936
136,676.823,0.52906,0.21779,0.83654,0.99874,1,0.995,0.90959,0.51555,0.18327,0.88044,0.0014654,0.0014654,0.0014654
137,681.933,0.54931,0.22647,0.83997,0.99883,1,0.995,0.91738,0.51595,0.19948,0.88834,0.00146144,0.00146144,0.00146144
138,686.74,0.53765,0.2243,0.84488,0.99878,1,0.995,0.90039,0.56769,0.19698,0.89696,0.00145748,0.00145748,0.00145748
139,691.831,0.52019,0.21931,0.83815,0.99876,1,0.995,0.89473,0.5762,0.17722,0.89841,0.00145352,0.00145352,0.00145352
140,696.946,0.54824,0.22166,0.83383,0.99845,1,0.995,0.89326,0.57741,0.19205,0.90202,0.00144956,0.00144956,0.00144956
141,702.001,0.50725,0.2061,0.82495,0.99886,1,0.995,0.89946,0.5689,0.18477,0.89643,0.0014456,0.0014456,0.0014456
142,706.878,0.53068,0.21492,0.84262,0.99885,1,0.995,0.8955,0.58648,0.19482,0.89249,0.00144164,0.00144164,0.00144164
143,711.491,0.53511,0.21642,0.83919,0.99869,1,0.995,0.91976,0.51412,0.17802,0.87703,0.00143768,0.00143768,0.00143768
144,716.405,0.54626,0.22851,0.82462,0.99878,1,0.995,0.91498,0.48626,0.19472,0.87636,0.00143372,0.00143372,0.00143372
145,721.068,0.5288,0.22112,0.83356,0.99883,1,0.995,0.91571,0.50823,0.1703,0.87496,0.00142976,0.00142976,0.00142976
146,725.876,0.55709,0.23376,0.85117,0.99839,1,0.995,0.92627,0.5519,0.20264,0.88473,0.0014258,0.0014258,0.0014258
147,730.66,0.53302,0.22067,0.84449,0.99889,1,0.995,0.92019,0.45388,0.17095,0.86785,0.00142184,0.00142184,0.00142184
148,735.636,0.53789,0.21589,0.83613,0.9988,1,0.995,0.92349,0.50825,0.19593,0.87642,0.00141788,0.00141788,0.00141788
149,740.428,0.53839,0.21888,0.85916,0.99878,1,0.995,0.93615,0.49438,0.18322,0.87074,0.00141392,0.00141392,0.00141392
150,745.29,0.52883,0.2172,0.83531,0.99891,1,0.995,0.92421,0.55977,0.19193,0.88866,0.00140996,0.00140996,0.00140996
151,750.123,0.54533,0.22018,0.84802,0.99883,1,0.995,0.9258,0.51631,0.17515,0.8826,0.001406,0.001406,0.001406
152,754.91,0.54771,0.22737,0.84632,0.99883,1,0.995,0.93589,0.53157,0.17532,0.8826,0.00140204,0.00140204,0.00140204
153,760.091,0.5342,0.21762,0.82873,0.99887,1,0.995,0.91129,0.5554,0.18015,0.88716,0.00139808,0.00139808,0.00139808
